kategorija,sekcija,naslov,azurirano,url
Informacije o pravu i privatnosti,Pravila o privatnosti,Pravila korištenja kolačića,2023-02-24,https://pomoc.olx.ba/hc/bs/articles/360000888825-Pravila-kori%C5%A1tenja-kola%C4%8Di%C4%87a
Informacije o pravu i privatnosti,Pravila o privatnosti,Zaprimanje promo poruka,2023-02-24,https://pomoc.olx.ba/hc/bs/articles/4409128887954-Zaprimanje-promo-poruka
Informacije o pravu i privatnosti,Uslovi korištenja,Uslovi korištenja,2023-09-07,https://pomoc.olx.ba/hc/bs/articles/360000838889-Uslovi-kori%C5%A1tenja
Korisnički profil,Povjerenje - dojmovi i medalje,Kako ostaviti dojam?,2023-03-22,https://pomoc.olx.ba/hc/bs/articles/208481789-Kako-ostaviti-dojam
Korisnički profil,Pristup korisničkom profilu,Gdje i kako da se prijavim?,2023-02-27,https://pomoc.olx.ba/hc/bs/articles/209206625-Gdje-i-kako-da-se-prijavim
Korisnički profil,Pristup korisničkom profilu,Tehnički problemi - Ne mogu se prijaviti,2023-02-27,https://pomoc.olx.ba/hc/bs/articles/209206645-Tehni%C4%8Dki-problemi-Ne-mogu-se-prijaviti
Korisnički profil,Pristup korisničkom profilu,Zaboravljena šifra,2023-02-24,https://pomoc.olx.ba/hc/bs/articles/209206605-Zaboravljena-%C5%A1ifra
Korisnički profil,Registracija i vrste korisničkih profila,Korisnički profili na OLX.ba,2023-03-22,https://pomoc.olx.ba/hc/bs/articles/10246547301010-Korisni%C4%8Dki-profili-na-OLX-ba
Korisnički profil,Registracija i vrste korisničkih profila,OLX PRO,2023-02-24,https://pomoc.olx.ba/hc/bs/articles/209206445-OLX-PRO
Korisnički profil,Registracija i vrste korisničkih profila,Registracija PIK profila,2026-06-17,https://pomoc.olx.ba/hc/bs/articles/209206485-Registracija-PIK-profila
Korisnički profil,Uređivanje korisničkog profila,Kako obrisati OLX korisnički profil?,2023-02-23,https://pomoc.olx.ba/hc/bs/articles/10194385694610-Kako-obrisati-OLX-korisni%C4%8Dki-profil
Korisnički profil,Uređivanje korisničkog profila,Kako promijeniti OLX korisničko ime,2026-01-07,https://pomoc.olx.ba/hc/bs/articles/211355009-Kako-promijeniti-OLX-korisni%C4%8Dko-ime
Korisnički profil,Uređivanje korisničkog profila,Uređivanje OLX profila,2023-02-23,https://pomoc.olx.ba/hc/bs/articles/209206565-Ure%C4%91ivanje-OLX-profila
Korisnički profil,Verifikacija profila,Kako verifikovati profil i šta znači verifikacija?,2023-02-27,https://pomoc.olx.ba/hc/bs/articles/211328049-Kako-verifikovati-profil-i-%C5%A1ta-zna%C4%8Di-verifikacija
Moj PIK,O PIK-u,Kako prepoznati prevaru i sigurno vršiti kupoprodaju,2025-10-14,https://pomoc.olx.ba/hc/bs/articles/10355384619410-Kako-prepoznati-prevaru-i-sigurno-vr%C5%A1iti-kupoprodaju
Moj PIK,O PIK-u,Nova zakonska obaveza za korisnike PIK.ba - registrovani trgovac,2026-06-17,https://pomoc.olx.ba/hc/bs/articles/29418818735634-Nova-zakonska-obaveza-za-korisnike-PIK-ba-registrovani-trgovac
Moj PIK,O PIK-u,O nama,2026-06-17,https://pomoc.olx.ba/hc/bs/articles/211257409-O-nama
Moj PIK,O PIK-u,Savjeti za online sigurnost,2024-11-27,https://pomoc.olx.ba/hc/bs/articles/10951631379858-Savjeti-za-online-sigurnost
Moj PIK,O PIK-u,Sigurnost na PIK.ba,2026-06-17,https://pomoc.olx.ba/hc/bs/articles/209206985-Sigurnost-na-PIK-ba
Moj PIK,O PIK-u,Uslovi korištenja,2026-06-17,https://pomoc.olx.ba/hc/bs/articles/208481969-Uslovi-kori%C5%A1tenja
Nove opcije,PIK razmjena sličica,Panini razmjena sličica za Svjetsko prvenstvo 2026.,2026-05-11,https://pomoc.olx.ba/hc/bs/articles/35483264984594-Panini-razmjena-sli%C4%8Dica-za-Svjetsko-prvenstvo-2026
Oglasi,Kako urediti oglas?,Kako obrisati oglas?,2023-02-24,https://pomoc.olx.ba/hc/bs/articles/209206785-Kako-obrisati-oglas
Oglasi,Kako urediti oglas?,Kako sakriti oglas?,2023-02-24,https://pomoc.olx.ba/hc/bs/articles/10249141739666-Kako-sakriti-oglas
Oglasi,Kako urediti oglas?,Kako završiti prodaju oglasa?,2023-02-24,https://pomoc.olx.ba/hc/bs/articles/10249077684626-Kako-zavr%C5%A1iti-prodaju-oglasa
Oglasi,Kako urediti oglas?,Promjena cijene oglasa,2023-02-24,https://pomoc.olx.ba/hc/bs/articles/209206765-Promjena-cijene-oglasa
Oglasi,Kako urediti oglas?,Uređivanje oglasa,2023-02-24,https://pomoc.olx.ba/hc/bs/articles/208481869-Ure%C4%91ivanje-oglasa
Oglasi,Objava oglasa,Besplatna objava oglasa,2025-03-04,https://pomoc.olx.ba/hc/bs/articles/25093952692242-Besplatna-objava-oglasa
Oglasi,Objava oglasa,Ispravno kategorisanje oglasa ,2023-02-24,https://pomoc.olx.ba/hc/bs/articles/208481829-Ispravno-kategorisanje-oglasa
Oglasi,Objava oglasa,Kako objaviti oglas,2023-02-24,https://pomoc.olx.ba/hc/bs/articles/209206725-Kako-objaviti-oglas
Oglasi,Objava oglasa,Kako pravilno napisati naslov oglasa?,2023-02-24,https://pomoc.olx.ba/hc/bs/articles/208481809-Kako-pravilno-napisati-naslov-oglasa
Oglasi,Objava oglasa,Lista zabranjenih oglasa na PIK.ba,2026-06-17,https://pomoc.olx.ba/hc/bs/articles/10247307852946-Lista-zabranjenih-oglasa-na-PIK-ba
Oglasi,Objava oglasa,Vrsta oglašavanja i status oglasa,2023-02-24,https://pomoc.olx.ba/hc/bs/articles/10246780442258-Vrsta-ogla%C5%A1avanja-i-status-oglasa
Oglasi,Objava oglasa u naplativim kategorijama, Kako objaviti i aktivirati servis/uslugu?,2023-03-28,https://pomoc.olx.ba/hc/bs/articles/115002832845--Kako-objaviti-i-aktivirati-servis-uslugu
Oglasi,Objava oglasa u naplativim kategorijama,Kako objaviti i aktivirati automobil,2023-03-28,https://pomoc.olx.ba/hc/bs/articles/4417214741778-Kako-objaviti-i-aktivirati-automobil
Oglasi,Objava oglasa u naplativim kategorijama,Kako objaviti i aktivirati oglas za nekretninu?,2023-03-28,https://pomoc.olx.ba/hc/bs/articles/211391009-Kako-objaviti-i-aktivirati-oglas-za-nekretninu
Oglasi,Objava oglasa u naplativim kategorijama,Kako objaviti i aktivirati oglas za posao?,2023-03-28,https://pomoc.olx.ba/hc/bs/articles/360002414620-Kako-objaviti-i-aktivirati-oglas-za-posao
Oglasi,Objava oglasa u naplativim kategorijama,Objava oglasa u naplativim kategorijama,2023-03-28,https://pomoc.olx.ba/hc/bs/articles/8045779822098-Objava-oglasa-u-naplativim-kategorijama
Oglasi,Opcije promocije i izdvajanje,Akcijska cijena za OLX shop korisnike,2026-01-08,https://pomoc.olx.ba/hc/bs/articles/32389372877586-Akcijska-cijena-za-OLX-shop-korisnike
Oglasi,Opcije promocije i izdvajanje,Cijena izdvajanja oglasa / promocije,2023-03-02,https://pomoc.olx.ba/hc/bs/articles/360014561439-Cijena-izdvajanja-oglasa-promocije
Oglasi,Opcije promocije i izdvajanje,Izdvajanje oglasa / promocija,2023-03-02,https://pomoc.olx.ba/hc/bs/articles/209206805-Izdvajanje-oglasa-promocija
Oglasi,Opcije promocije i izdvajanje,Zakazivanje promocije oglasa,2025-09-21,https://pomoc.olx.ba/hc/bs/articles/29643561166226-Zakazivanje-promocije-oglasa
PIK brza dostava,PIK brza dostava,Cjenovnik PIK brze dostave,2026-06-17,https://pomoc.olx.ba/hc/bs/articles/360011361660-Cjenovnik-PIK-brze-dostave
PIK brza dostava,PIK brza dostava,Moja dostava - Dostava po izboru prodavca,2024-04-30,https://pomoc.olx.ba/hc/bs/articles/18653326405394-Moja-dostava-Dostava-po-izboru-prodavca
PIK brza dostava,PIK brza dostava,Narudžba većeg broja artikala - Korpa na PIK.ba,2026-06-17,https://pomoc.olx.ba/hc/bs/articles/22906002938898-Narud%C5%BEba-ve%C4%87eg-broja-artikala-Korpa-na-PIK-ba
PIK brza dostava,PIK brza dostava,Upute za pakovanje pošiljke,2023-03-28,https://pomoc.olx.ba/hc/bs/articles/6091964316434-Upute-za-pakovanje-po%C5%A1iljke
PIK brza dostava,PIK brza dostava,Šta je PIK brza dostava? Uputstvo za PIK brzu dostavu,2026-06-17,https://pomoc.olx.ba/hc/bs/articles/208481769-%C5%A0ta-je-PIK-brza-dostava-Uputstvo-za-PIK-brzu-dostavu
PIK kredit,PIK kredit,Dopuna PIK kredita,2026-06-18,https://pomoc.olx.ba/hc/bs/articles/209206685-Dopuna-PIK-kredita
PIK kredit,PIK kredit,Gdje mogu kupiti PIK kredit vaučer?,2026-06-17,https://pomoc.olx.ba/hc/bs/articles/211946525-Gdje-mogu-kupiti-PIK-kredit-vau%C4%8Der
PIK kredit,PIK kredit,Zarada PIK kredita,2026-06-17,https://pomoc.olx.ba/hc/bs/articles/209206705-Zarada-PIK-kredita
PIK shop,PIK shop,Otvaranje OLX Shopa,2026-01-07,https://pomoc.olx.ba/hc/bs/articles/209206465-Otvaranje-OLX-Shopa
PIK shop,PIK shop,Plaćanje OLX Shopa,2025-11-20,https://pomoc.olx.ba/hc/bs/articles/211350829-Pla%C4%87anje-OLX-Shopa
PIK shop,PIK shop,Postavke OLX Shopa,2023-03-28,https://pomoc.olx.ba/hc/bs/articles/10742635203218-Postavke-OLX-Shopa
